{"_timestamp":1.784258458528328e+09,"_step":0,"_wandb":{"runtime":0},"_runtime":0,"test/loss":1.1134543155637766,"test/accuracy":0.7016248153618907}